INSERT INTO REPUBLICA
VALUES ('3135517368', 'Area 51', 'Minas Gerais', '379', 'Rua Professor Paulo magalhaes Gomes', 'Bauxita', 'Ouro preto', '35400000', 'aaa', '20180612');

INSERT INTO REPUBLICA
VALUES ('3135512197', 'Aquarius', 'Minas Gerais', '26', 'Rua parana', 'Centro', 'Ouro preto', '35400000', 'bbb', '20180408');

INSERT INTO REPUBLICA
VALUES ('3135515193', 'Pasargada', 'Minas Gerais', '324', 'Rua alvaro Guimarães Bressan', 'Bauxita', 'Ouro preto', '35400000', 'ccc', '20180501');

INSERT INTO REPUBLICA
VALUES ('3135511301', 'Quitandinha', 'Minas Gerais', '379', 'Rua Teixeira Amaral', 'Bauxita', 'Ouro preto', '35400000', 'ddd', '20181107');

INSERT INTO REPUBLICA
VALUES ('3135511982', 'Pulgatorio', 'Minas Gerais', '54', 'Rua parana', 'Centro', 'Ouro preto', '35400000', 'aaa', '20180206');

INSERT INTO USUARIO
VALUES ('31988082828', 'Ferreiro', '20191207', '1055d3e698d289f2af8663725127bd4b', '19950508', 'carlos929@hotmail.com', 'Carlos Andrade Barros', '20191204', '3135517368');

INSERT INTO USUARIO
VALUES ('31988085157', 'Jubileu', '20190202', '9e107d9d372bb6826bd81d3542a419d6', '19910202', 'joaoribeiro2@gmail.com', 'Joao Ribeiro Nascimento', '20190201', '3135512197');

INSERT INTO USUARIO
VALUES ('31988082344', 'Sol Quente', '20191207', 'd41d8cd98f00b204e9800998ecf8427e', '19900806', 'anaxmaia22@hotmail.com', 'Anax Maia', '20191204', '3135515193');

INSERT INTO MORADOR
VALUES ('1', '31988082828');

INSERT INTO MORADOR
VALUES ('1', '31988085157');

INSERT INTO MORADOR
VALUES ('0', '31988082344');

INSERT INTO EX_MORADOR
VALUES ('20191212', '31988082828');

INSERT INTO EX_MORADOR
VALUES ('20191230', '31988085157');

INSERT INTO EX_MORADOR
VALUES ('20191223', '31988082344');

INSERT INTO CAIXINHA
VALUES ('1', '20190505', 'descricao 1', '2182.26', '31988082344');

INSERT INTO CAIXINHA
VALUES ('2', '20190604', 'descricao 2', '7482.52', '31988085157');

INSERT INTO CAIXINHA
VALUES ('3', '20190406', 'descricao 3', '1382.22', '31988082828');

INSERT INTO USUARIO_PAGA_CAIXINHA
VALUES ('1', '31988082344', '320.50');

INSERT INTO USUARIO_PAGA_CAIXINHA
VALUES ('2', '31988085157', '125');

INSERT INTO USUARIO_PAGA_CAIXINHA
VALUES ('3', '31988082828', '230');

INSERT INTO CONTA
VALUES ('1', '20190202', '20190607', '20190707', 'descricao 1', 'pago', '350.55', '2');

INSERT INTO CONTA
VALUES ('2', '20190701', '20190612', '20190412', 'descricao 2', 'vencido', '422.55', '1');

INSERT INTO CONTA
VALUES ('3', '20190202', '20190302', '20190102', 'descricao 3', 'pago', '222.52', '3');

INSERT INTO PRODUTO
VALUES ('1', 'iogurte');

INSERT INTO PRODUTO
VALUES ('2', 'leite');

INSERT INTO PRODUTO
VALUES ('3', 'papel higienico');

INSERT INTO PRODUTO
VALUES ('4', 'sabonete');

INSERT INTO PRODUTO
VALUES ('5', 'pao de sal');

INSERT INTO PRODUTO
VALUES ('6', 'pao integral');

INSERT INTO PRODUTO
VALUES ('7', 'laranja');

INSERT INTO COMPRA
VALUES ('1', '20190223', '20190222', 'descricao 1', '52.22', '31988082828');

INSERT INTO COMPRA
VALUES ('2', '20190411', '20190408', 'descricao 2', '23.62', '31988085157');

INSERT INTO COMPRA
VALUES ('3', '20190706', '20190704', 'descricao 3', '77.52', '31988082828');

INSERT INTO COMPRA_POSSUI_PRODUTO
VALUES ('1', '2');

INSERT INTO COMPRA_POSSUI_PRODUTO
VALUES ('5', '1');

INSERT INTO COMPRA_POSSUI_PRODUTO
VALUES ('4', '3');

INSERT INTO COMPRA_POSSUI_PRODUTO
VALUES ('2', '3');

INSERT INTO COMPRA_POSSUI_PRODUTO
VALUES ('6', '3');

INSERT INTO AFAZER
VALUES ('1', 'descricao 1', 'trocar o sofa pelo novo', '31988085157');

INSERT INTO AFAZER
VALUES ('2', 'descricao 2', 'transportar cervejas para outra republica', '31988082828');

INSERT INTO AFAZER
VALUES ('3', 'descricao 3', 'levar o carro para oficina', '31988085157');

INSERT INTO TAREFA
VALUES ('1', '7 em 7 dias');

INSERT INTO TAREFA
VALUES ('2', '30 em 30 dias');

INSERT INTO TAREFA
VALUES ('3', '3 em 3 dias');

INSERT INTO PROBLEMA
VALUES ('1', 'pendente', '20190205', '20190206', '31988085157');

INSERT INTO PROBLEMA
VALUES ('2', 'pendente', '20190314', '20190321', '31988082828');

INSERT INTO PROBLEMA
VALUES ('3', 'pendente', '20190621', '20190703', '31988082344');

